Species,Number,NEIKER,HAZI,XERA,INRAE,DRAAC,CNPF,ISA,OREKAN,ADRA,WFC,U Sevilla
Abies grandis (Inland Ecotype),216,,,,,,,,,,,
Carya cordiformis (New York),105,,,,,,,,,,,
Carya cordiformis (Ohio),234,,,,,,,,,,,
Carya ovata,316,,,,,,,,,,,
Corymbia maculata,180,,,,,,,,,,,
Pinus helderichii,72,,,,,,,,,,,
Pinus Canariensis (La Palma island),180,,,,,,,,,,,
Pinus strobus,144,,,,,,,,,,,
Alnus cordata,288,,,,,,,,,,,
Tetraclinis spp (Spain's provenance),108,,,,,,,,,,,
Tetraclinis spp (France's provenance),144,,,,,,,,,,,
